MEMBER_NO,FLIGHT_COUNT
27355,2
4032,3
12913,3
58465,4
45414,3
1046,2
57432,2
58507,7
30271,5
3054,2
16348,3
62046,2
46545,6
60317,3
31513,3
46421,3
19464,3
44068,2
42040,3
39606,4
5791,3
47717,2
44147,3
2178,4
21657,4
6486,3
47856,2
10074,3
49336,3
24244,2
53101,2
62049,2
46859,2
48335,3
3642,3
4971,5
11272,4
16001,2
32874,2
52835,2
27218,2
45335,3
7593,3
44708,5
2643,2
28844,7
50800,3
6099,3
13104,5
50278,5
60561,3
14657,3
38221,2
55047,2
21793,4
62851,4
23682,4
49574,2
46214,2
37304,3
38555,2
46505,2
4985,5
39181,2
7957,3
3577,4
5789,3
56298,2
36113,4
57076,3
23392,3
61502,4
144,2
61235,2
45131,4
50513,2
56032,3
39860,2
7398,2
53828,3
44084,3
55521,8
4810,2
30173,4
37476,2
46605,2
55575,3
53467,2
62009,2
62054,2
40577,6
29150,2
57942,3
8600,2
21902,3
23658,3
26490,2
37382,2
3810,2
13037,2
9394,3
55064,2
61449,2
23101,2
53096,2
3659,5
12821,2
51790,4
13006,3
46383,4
26869,3
6998,3
20058,2
40138,5
12891,2
6430,3
19533,2
45754,2
40869,6
45998,2
18482,3
28567,5
29668,2
6489,3
55128,2
37936,3
24261,2
54049,2
5999,2
41351,3
4719,2
25032,4
26119,2
51693,4
2527,4
35337,2
25949,3
1387,2
37236,2
3833,3
7780,2
5942,2
61773,3
248,2
514,2
36092,3
10010,2
39092,2
45428,3
42166,2
46941,3
51893,3
10693,2
26616,2
52208,2
26393,3
36161,2
52560,2
37815,3
12998,2
62071,2
49354,3
27337,3
18193,4
34379,2
15831,2
42134,5
53166,3
18636,2
11168,3
37622,3
61542,3
51960,2
38998,2
7308,4
4804,2
30859,2
15058,4
27420,3
50235,2
3980,2
49785,2
54749,2
60102,2
39508,3
36464,2
58353,2
42577,4
1822,2
41611,3
2545,2
24698,3
57330,5
25260,2
18600,3
6455,2
34739,2
6945,3
47150,3
36473,3
18718,2
23798,2
61504,3
62349,2
49285,5
8967,4
28408,4
16685,2
54171,2
31651,2
20111,3
45628,3
61412,2
40185,3
57007,2
16136,2
43125,2
51373,2
52080,2
59676,2
34892,3
43436,4
33550,4
55078,2
6454,3
1622,2
45693,3
19037,2
6057,4
45433,3
54071,2
24825,2
62047,3
54577,2
308,4
14041,4
33476,2
39593,2
43533,2
37416,2
14821,2
54069,2
62265,2
26259,2
14153,2
28523,2
47324,2
49732,3
38689,2
23485,2
27508,4
33692,2
34271,4
8648,3
18363,3
51746,3
29937,2
2075,2
20038,2
36929,2
44745,2
55632,2
55905,2
2908,2
51677,3
46093,3
54506,5
4109,4
51318,2
7193,2
19956,3
25020,2
58913,2
61158,3
26274,2
59695,2
22606,3
23942,2
33792,4
53871,2
34335,2
28424,3
59445,4
33222,3
18580,4
59738,3
55716,2
14141,4
45271,4
53023,2
23776,3
9458,2
24201,2
24442,2
31008,2
35456,2
54239,2
28583,3
57100,4
8963,4
9409,2
43388,3
42037,2
56608,2
62038,4
9386,3
43418,3
48162,3
55461,2
15547,3
47146,3
2835,2
4123,2
28774,2
29724,2
30692,2
54107,3
55169,2
56833,2
57360,2
62034,2
21133,2
55956,3
153,2
18515,2
56556,2
44008,2
15138,3
21797,3
15354,2
22172,3
4441,3
42657,3
21115,4
42740,2
59402,4
43091,3
21577,3
23366,2
16968,4
21209,2
62286,3
44865,3
41124,3
11758,3
26285,2
152,2
138,2
61441,2
11146,4
23676,2
36507,2
19888,2
49720,2
55754,2
1948,4
58073,2
22141,3
46713,3
19659,2
38062,2
54235,3
31814,2
45379,2
1394,3
8389,2
26343,2
32280,2
32403,2
60166,2
49199,2
3365,2
14319,2
3508,2
9650,2
14836,2
3655,2
10684,2
23666,6
51945,3
40532,3
47378,3
34585,3
48931,2
47786,3
34878,3
34533,2
25789,2
18473,3
18840,2
57697,2
3301,3
10094,3
44361,6
20493,3
18463,4
18278,4
37989,2
45575,2
16314,2
54986,2
40186,6
8027,3
1062,2
22188,2
13423,3
28965,2
11697,2
17054,3
26116,4
44514,3
48136,2
4115,2
12851,2
19614,2
58738,2
31073,2
39748,2
12804,2
420,2
3014,2
49396,2
18598,3
45070,5
27076,2
38815,2
11934,3
5500,3
49763,2
8193,3
41656,3
56384,4
57851,4
31178,6
8476,3
29437,3
51900,2
19738,2
14105,4
59493,4
6024,5
41815,2
1839,2
39361,3
57307,2
47043,2
22822,2
40951,2
54575,2
24331,3
25325,3
50833,2
30907,2
32036,4
44078,2
28879,4
45374,3
49317,3
20835,2
26240,3
51881,2
53439,3
45207,2
519,3
36504,2
55833,3
14879,2
41292,2
15978,2
21385,2
33913,2
34748,2
60971,2
40554,2
9139,2
32939,3
551,2
34891,4
8682,3
59409,4
52237,2
21263,3
17966,2
32861,2
52685,2
11402,3
10835,2
15130,3
28376,4
40191,2
5148,3
49212,2
9804,3
37757,2
59321,4
48590,4
25389,2
19115,4
26912,4
14108,3
44897,2
21061,2
46835,4
35152,2
47200,3
52713,2
43033,3
2957,2
5844,2
6293,4
47474,2
26101,2
25391,3
35016,2
48145,3
17083,3
20560,2
40476,2
60217,3
13461,2
34193,3
46538,2
20521,2
25265,2
15825,3
40061,3
5396,2
28333,2
5748,2
15739,2
3146,4
25069,3
59169,6
42148,3
49988,3
40862,2
36688,2
17275,3
33466,3
50729,2
34677,2
8533,2
36077,3
60863,2
16701,3
17104,2
22365,2
23736,3
51996,2
19828,3
36829,2
57821,4
47835,4
4347,4
55337,3
45554,4
41493,2
9753,2
36302,3
2823,2
14109,2
27242,2
28482,3
38598,2
38758,2
48427,2
4440,3
57066,6
26527,2
27571,2
12714,2
19598,2
28907,2
38647,2
21160,4
15033,2
49029,2
8447,3
27604,3
11269,3
45206,4
51492,2
57797,2
2220,3
27474,2
5723,2
1245,2
2242,2
8954,2
10242,2
23038,2
37385,4
40522,2
46759,2
47683,2
51867,2
58876,2
60350,2
42031,6
32767,3
58583,3
38258,3
25478,2
34179,2
44194,2
45356,3
49119,2
9370,2
23023,4
7429,2
36089,2
9118,2
54775,2
41503,4
34752,2
33010,2
15858,5
26575,2
53287,4
14295,2
28590,2
36018,4
58246,4
33633,2
49767,2
30353,2
52959,2
2872,3
60285,3
27540,3
2426,4
31051,3
27723,2
26067,3
2514,2
13207,2
38774,2
62010,2
16349,2
41980,2
11070,3
18753,3
1955,2
15521,2
24529,2
40825,3
10642,2
28882,3
28239,3
59566,3
26109,2
30933,2
55616,2
52153,3
47663,3
5018,2
6289,2
127,3
25302,2
57852,4
34793,4
34639,3
61459,2
35293,2
25950,2
7807,2
23970,2
32413,2
38519,3
10800,3
22556,3
46021,2
1928,2
15968,3
51615,2
40087,4
62871,2
57961,3
54461,4
1412,3
24229,2
42559,3
37953,3
12973,2
13455,2
44205,3
49262,3
17481,3
34111,4
61174,2
25551,2
11937,2
8840,2
20712,3
32472,2
895,2
26904,2
22341,4
43491,3
7691,4
47311,4
695,3
24803,2
28885,2
25824,3
3254,3
10173,2
12795,3
58982,2
39406,2
4531,4
23683,2
16368,3
18266,2
60781,2
1962,4
34553,3
30889,4
58000,4
41170,3
45003,3
8383,2
55435,2
53383,4
21749,2
61434,4
42172,3
47893,2
42160,2
44162,2
23305,3
7443,2
38056,3
49688,4
54316,4
1719,2
1484,3
51493,2
45774,2
14293,4
27511,4
55637,2
20378,3
58133,3
50683,4
50873,4
14520,5
9517,2
26065,3
24136,2
44538,3
27560,4
33219,2
62575,2
14311,3
16520,2
29737,2
34982,2
53009,2
17423,2
7722,2
2599,2
13152,2
20152,2
20260,2
24930,3
26420,3
52366,2
16282,3
39086,4
50552,3
14709,2
15882,2
49634,2
31902,3
60250,2
58043,2
46458,7
34465,2
52542,3
31217,2
5480,2
50516,2
13736,2
51552,4
20992,2
22209,2
39650,3
19454,3
59428,2
25547,3
56177,3
26746,3
42408,2
27569,3
35816,2
9382,2
17181,2
35028,2
62068,2
28637,2
4593,2
21658,3
41182,4
11802,3
28015,3
52449,2
59076,2
19808,2
54896,5
11973,2
30079,2
16033,3
44307,2
52906,2
26743,2
7822,4
18251,2
19316,2
5151,2
31822,3
21399,2
24149,6
14303,4
33297,2
13745,3
7236,3
32958,4
58882,2
21747,3
13708,4
41184,2
36458,3
52,3
18549,2
39733,2
22181,3
52121,2
52570,2
51316,5
8761,2
25016,2
42625,3
38485,2
32974,4
58305,2
24407,3
46674,3
1399,2
28634,2
55362,2
51059,4
20112,2
19998,2
16672,3
23786,4
46934,2
23807,2
21311,2
55281,2
16934,2
44325,2
51583,3
47667,2
48060,3
4565,4
55653,4
57199,3
8076,2
41909,2
49497,2
47579,2
30560,3
53453,2
1361,4
40428,3
19629,2
53226,4
51334,2
19838,4
49109,6
14482,3
25609,4
52104,2
292,2
19812,2
10330,2
24712,3
16593,2
3865,2
24090,3
28842,2
34448,2
45749,4
37964,3
29268,2
43369,2
58342,2
61300,7
28070,5
3443,3
62593,4
26533,2
20881,2
53077,2
15804,3
24380,4
27356,2
39777,2
44259,2
21924,4
32788,3
57774,4
19916,4
18973,2
21032,2
15178,3
59024,4
14549,2
54547,2
15403,4
55577,2
7231,2
51308,2
27576,2
20363,2
32571,4
10891,5
50453,2
4399,3
37364,4
33580,5
786,3
52010,2
20164,2
22850,2
50783,2
23846,5
62077,2
44050,3
52945,2
6148,4
37199,3
50421,3
21628,2
25361,2
47963,2
29644,3
6173,2
53091,2
48460,3
2628,2
6618,2
6939,2
9582,2
10690,2
13103,2
15419,2
20655,2
24564,2
27467,2
28877,2
33932,2
36297,2
40078,3
45642,3
46716,3
41561,3
5338,2
62849,2
1494,2
10655,2
35498,2
342,2
14968,5
30691,2
3327,2
52810,2
1483,2
35204,5
10785,2
16167,2
51326,3
35510,4
59265,2
1619,2
5305,2
6267,2
8681,2
9182,2
15332,2
17859,2
17861,2
20971,2
24266,2
25193,2
25891,2
34605,2
42996,2
43819,2
44635,2
52152,2
61935,2
36497,2
24454,3
27446,3
18376,4
36801,3
15034,2
41995,2
42919,2
54728,2
54958,2
55044,2
5348,2
49983,2
55533,3
34002,3
55401,2
13443,3
16077,2
57639,2
19779,3
41098,2
59702,3
9275,3
14431,3
59406,2
43566,2
8045,3
44747,3
47338,4
6324,3
46229,3
9325,2
59973,2
20806,4
47507,2
15088,3
41875,3
58723,3
11481,2
16792,2
39662,2
62183,2
31338,2
22695,3
29337,2
58271,2
26194,2
44129,2
43886,2
16444,4
18228,2
6002,5
3155,2
26884,2
36203,2
45972,2
16536,2
15168,2
4636,2
24070,2
35660,5
14797,3
45139,2
10333,2
34211,4
24130,6
60094,3
30098,3
59436,2
58564,2
33162,2
38925,2
39795,2
57291,3
17487,4
5926,3
21513,2
30870,3
33007,3
3376,2
45299,4
58358,2
8976,2
4509,3
1222,2
16460,2
49641,2
21828,4
44059,2
16313,2
10869,2
39118,3
9885,3
27419,5
14412,3
50399,2
50767,4
25120,2
40464,2
34483,3
24819,3
25301,2
33935,2
43089,2
21879,2
25338,2
21931,2
61687,5
37685,5
7824,4
59619,2
8069,3
38071,3
33698,4
51187,2
26238,2
56644,3
18562,4
32153,2
13093,2
31329,3
32312,5
15133,3
56937,2
5581,4
47700,5
34814,2
53678,5
42215,2
14163,2
15414,3
11852,3
36982,2
18956,2
59209,2
27901,3
45208,2
61055,3
58158,4
30996,2
8101,3
21159,3
8162,3
23812,3
9201,2
11674,3
54435,2
2668,2
39085,2
31731,2
46059,4
21855,3
56816,3
35518,3
11930,2
12803,4
3295,4
52148,2
23605,2
15895,2
32901,4
38992,3
17346,2
5059,3
18194,2
52733,3
14323,3
42283,2
43587,2
36262,2
16153,3
48572,3
43629,2
11397,3
29884,2
47481,2
35162,2
45465,2
53070,2
27715,3
61052,3
26071,3
40502,3
11688,2
12270,2
22226,3
725,2
55930,3
24511,2
57302,3
23952,5
29645,2
14532,3
10513,2
10560,4
27673,2
29302,3
30654,2
59700,3
226,2
10133,3
8003,3
61704,3
61020,3
21368,2
26017,2
2431,2
28784,3
27966,2
6546,2
52417,4
37970,2
42051,2
3827,2
18134,2
21066,4
50103,3
41431,2
15204,2
52015,2
33528,3
36180,2
3115,2
11307,2
14610,2
31395,2
34252,2
46727,2
55043,2
60441,2
15195,3
60990,2
2294,3
51345,2
56315,2
17124,2
61939,3
11881,2
4686,4
7034,2
28638,2
27369,2
38726,2
7712,2
14479,2
23555,2
32654,2
35833,2
45265,2
60173,2
5949,4
34244,2
58383,3
15924,2
7216,2
12184,2
11655,2
4874,2
44394,2
59412,2
18772,3
41086,3
1900,2
29009,4
25095,3
42925,3
59361,3
58490,2
18593,2
21949,2
60196,2
40043,4
51825,3
25772,2
369,2
27522,2
32847,3
5293,2
17960,2
19705,2
28574,3
24445,3
15776,2
29490,2
35640,2
46265,2
14617,3
34829,2
21018,2
53506,3
2263,2
53546,2
9468,2
50051,3
62161,3
9521,4
57958,2
18215,3
53708,3
15037,2
49229,2
32435,2
41373,2
59438,4
13397,3
11089,4
57751,4
49281,2
1765,2
21725,2
32766,3
45671,2
47587,2
55955,3
26410,3
26615,2
55590,2
12312,2
18747,2
33864,2
28654,3
45106,2
51580,2
6811,3
20484,2
9305,2
39080,3
8750,3
27352,2
48763,3
6713,3
36136,3
29572,3
18563,3
289,2
36484,4
479,3
9277,4
56103,3
15275,3
7103,3
1837,4
3766,2
50715,2
20463,4
49814,2
36537,2
41237,2
18152,3
53485,2
43422,2
60894,3
22296,2
27488,2
23964,2
50466,2
57581,2
52232,2
18613,2
37910,2
22818,2
25262,3
41172,3
14625,2
291,2
50666,4
2539,3
29259,2
2183,2
30293,3
11714,2
61506,2
58027,2
54860,6
7929,2
15920,2
58528,2
41998,4
46925,4
55726,2
24964,2
25348,7
23905,3
60205,2
17142,3
35211,2
47237,3
36496,2
10464,5
37200,3
19803,3
47174,2
25114,2
61899,2
7394,2
3564,2
7867,2
13539,3
62048,3
25961,5
31957,2
8189,3
13872,3
46152,2
25635,2
47811,2
16705,4
17590,3
49640,2
18402,3
47805,3
25825,4
30869,2
45097,3
10588,4
26569,3
47858,4
59062,2
25702,2
9155,2
9818,2
31544,2
36285,2
47122,2
56043,2
35180,2
2543,3
12702,5
11062,4
30168,2
23648,3
52480,3
55909,3
43775,2
52918,3
10631,4
5828,3
14063,3
15552,3
16819,2
4542,3
56904,2
36952,2
55982,3
15732,3
32105,3
1996,3
2454,3
6932,3
15939,2
52459,2
23253,2
60081,3
39147,3
43243,2
25027,3
7346,3
122,3
36444,4
21979,2
38479,2
49747,2
55973,2
8283,2
27480,2
18254,3
38725,2
7422,2
11489,2
36165,3
11287,4
34194,2
13291,2
28142,4
18993,2
46684,2
10763,4
47970,5
1051,2
11950,3
5340,3
54176,2
9191,4
52184,2
54558,3
16594,2
17314,3
55500,2
33390,3
50904,2
28714,2
52504,2
1825,4
43809,4
60307,2
21586,2
56663,2
28527,4
3740,2
20081,6
506,2
2547,2
5771,2
15395,2
33856,2
51204,2
57073,2
23071,3
35074,2
6212,2
50958,2
26672,3
36926,2
40780,3
2691,2
60252,2
28167,3
31750,3
4204,3
10593,2
22948,5
26748,3
56496,3
35555,2
50668,3
33781,3
48315,2
17382,3
1525,2
49778,2
1347,7
49307,2
3164,3
28917,4
53010,3
14823,2
59301,2
33503,3
62136,3
59506,4
33478,9
37544,3
21382,3
48178,2
54018,4
52704,7
53614,3
51249,4
57869,2
23907,2
41813,2
12871,2
59404,5
9985,2
38366,4
50392,2
15677,3
32314,2
34014,2
53499,3
42867,2
39904,3
11625,2
7704,4
47259,3
36627,2
11094,2
43150,2
45405,2
38360,2
7924,2
7854,2
8319,2
53069,2
45272,3
37943,3
52094,3
46118,3
10812,3
6282,3
12638,2
39129,2
60907,2
28913,3
1880,4
26344,2
32957,4
61211,2
2822,2
7665,2
8688,2
44190,2
48233,2
4895,2
13189,3
302,4
46241,3
55782,2
52028,2
16085,2
48158,3
44012,2
12011,2
18237,4
28857,2
35633,2
40979,2
27923,3
22369,4
18135,2
19185,3
42416,2
45149,2
59225,2
15914,2
37182,2
22448,2
34650,3
38505,2
39133,2
30793,3
6603,5
2593,2
33634,3
18427,2
1941,5
17163,2
23723,3
44903,2
10808,3
34873,3
42167,2
13622,2
56664,3
48213,6
42854,2
56015,2
40157,2
12960,2
37012,2
1707,4
18671,2
40439,2
16402,2
31771,2
21608,2
34459,2
2130,3
16414,2
37705,2
49193,5
54531,3
17305,3
38554,4
60223,2
33743,3
55083,3
39477,2
4340,3
32601,2
34050,3
13205,2
45308,2
48036,2
17070,2
25400,2
26223,2
28081,2
34724,2
44112,2
52652,2
35073,2
18351,2
28395,5
59570,3
37830,2
9789,2
18037,2
46766,6
45652,4
2821,3
46711,3
44178,2
12417,4
31658,2
41097,4
13536,2
14927,2
18852,6
42085,2
29722,3
11762,2
21065,2
31872,2
33490,3
59191,5
3964,2
56172,5
51926,2
54207,2
55628,2
23327,2
27743,2
61031,2
36123,4
53939,2
9099,2
20504,2
12856,2
49680,2
4703,4
27162,2
38637,2
18601,2
12772,2
55498,3
37730,3
52390,2
49628,3
19912,3
9244,3
46834,2
22628,3
25316,3
27543,4
2862,2
33681,3
19406,3
24972,3
29742,2
6277,2
34991,2
27563,2
28898,4
40429,2
40708,2
17991,3
15009,2
43709,4
49949,2
51361,2
57317,2
57354,2
45211,3
38182,2
7607,2
33854,2
31282,2
10246,2
18587,3
62138,2
33043,2
3944,3
32808,3
51993,3
10744,4
33231,2
38737,2
45447,2
30695,2
19825,2
60013,2
41165,2
34961,3
493,2
19075,3
9887,2
28407,2
570,3
42102,2
12063,3
26305,2
1755,3
28224,2
22492,4
20092,2
28180,2
27542,2
41707,2
57178,2
60734,2
22228,3
33285,2
44218,2
8461,2
45591,2
22077,4
28851,2
35849,4
32639,3
15455,3
60191,2
13171,2
36185,2
61112,2
56875,3
5586,2
16366,3
33332,2
21310,2
11898,2
26268,2
22681,2
32379,2
50037,4
3052,4
25879,2
26612,2
36177,2
26006,2
6937,2
25504,2
31874,3
9413,2
58300,3
24912,4
29057,3
18833,2
15404,2
49422,3
56661,4
49629,3
37463,2
40277,3
41074,3
5047,4
39279,2
43970,3
62239,2
13690,2
1927,6
21619,3
9262,3
50915,2
52827,4
19482,4
42344,2
1520,2
50793,2
21777,2
62043,2
43368,3
16597,2
51397,4
52885,2
27180,2
49587,2
57109,2
27432,3
31164,2
32465,3
41326,3
41407,2
52008,2
56781,2
61336,4
54468,4
36820,2
48027,2
55423,3
2479,2
48568,2
6517,2
25282,5
40775,4
12348,3
35956,3
40392,3
50066,2
8676,2
59279,2
24925,2
24961,5
35246,6
14970,4
9313,3
62326,2
36151,2
31732,2
58615,2
32933,2
3126,3
1177,2
8035,3
11140,2
9332,3
15634,3
26204,2
13645,2
45129,2
48442,3
41444,2
29876,2
28652,3
16804,2
5041,2
52478,2
54438,3
4980,2
5643,2
42750,3
40500,2
10355,3
6388,2
9880,2
36354,5
52174,2
10720,3
55629,2
14308,3
11876,2
54134,2
37500,2
13667,2
3132,2
34280,5
1633,2
13312,3
61784,3
53942,2
59513,2
25137,3
33972,3
26717,2
33673,2
59366,4
37306,2
43407,2
38889,3
39998,2
30541,2
10189,3
27092,2
45184,2
49170,3
23649,2
46618,2
29916,3
33694,3
33996,2
53502,2
45410,2
4748,2
43030,3
50897,2
48703,2
9083,3
51359,2
821,3
30162,2
15085,4
12294,3
11949,2
7963,2
38542,2
42211,2
23791,3
26034,5
43293,3
17117,4
10730,2
13150,3
35798,2
50184,3
38910,2
12834,2
29036,2
56367,2
61036,4
19727,2
27251,2
9162,2
27549,2
42340,2
60138,2
27935,4
34902,2
2334,4
26012,2
51396,2
7018,2
8804,2
21443,2
26303,2
39307,2
55030,4
58486,2
42743,3
912,2
3600,2
23720,2
27963,2
46036,2
53728,2
61895,2
34367,2
5815,2
21493,2
11424,3
35913,2
27505,2
32405,2
40225,2
10581,2
58079,3
52864,2
34484,2
36914,4
17099,3
26142,3
2636,2
1754,2
47517,5
43344,2
39165,5
44860,2
33950,2
8755,2
59049,3
46394,3
38901,2
34411,2
17338,2
48980,2
15025,2
35042,2
14162,5
20679,4
7014,5
18488,2
28594,2
34197,4
655,2
52526,3
41789,2
52623,3
9603,2
22551,2
19747,2
22306,3
53199,2
39950,2
1030,3
23488,3
58011,2
50380,3
18887,2
58415,2
8380,2
24778,2
23341,2
46803,4
32880,3
14937,2
15175,2
56843,2
58105,4
60251,2
48324,2
15942,4
33087,3
39598,2
45351,3
4427,3
41421,4
16367,2
61444,2
21199,2
43710,2
1785,2
31807,3
56742,2
61104,2
24315,3
55355,2
5897,8
29353,2
45084,3
50418,3
53136,3
13187,2
32858,2
49047,3
47028,3
8771,2
7012,6
18632,2
5291,2
51549,4
46769,3
57060,2
33360,2
24245,2
22030,3
57378,2
12510,4
7774,2
9365,4
23842,2
40649,3
3034,3
28148,3
34931,3
55204,3
26928,2
20022,2
33437,2
31249,2
48890,2
50876,2
7795,2
15469,2
22300,2
56921,2
23315,4
18136,2
59523,3
50482,2
46602,2
17572,4
15121,4
16671,3
17867,2
46490,3
57999,2
5544,3
11360,2
51976,2
16992,3
21694,2
36730,5
9771,2
18617,3
60743,2
7356,2
3338,2
39394,2
57710,2
17619,2
25914,2
30989,4
22945,2
13855,5
7322,3
58228,2
40286,2
62148,2
32525,2
15484,2
64,3
51730,2
57321,3
51633,2
10949,2
18662,3
38892,2
44302,3
20859,3
53152,2
19434,2
21981,3
40350,3
25674,2
21893,3
11534,3
22313,2
12819,2
17336,2
54214,4
5962,2
41963,2
54005,2
37991,3
34049,3
9975,2
10898,3
14525,3
41535,3
37350,3
28245,2
31684,3
17510,2
50412,2
60575,2
14246,3
26790,2
55983,2
50445,2
15432,2
39496,2
46198,2
50318,2
22579,6
42681,3
45295,3
39231,2
13301,2
62129,4
50772,3
35153,2
56761,3
14467,3
51260,3
51658,3
37649,4
958,3
38396,3
2665,2
51557,5
27342,2
17208,3
26175,3
7980,2
28389,2
25591,5
48366,2
21623,2
8677,3
25199,3
27279,2
16651,2
52229,3
919,3
36839,2
61168,3
58600,3
35329,3
51335,2
48731,2
2482,3
10520,2
45385,2
50536,2
47654,3
9623,2
24790,4
35818,2
33024,4
7163,4
8320,2
36776,2
32406,2
38283,3
5498,3
6874,3
57470,3
18536,3
29802,3
25256,2
27324,2
54560,2
55750,2
56444,2
38616,2
39385,2
14078,2
50232,2
54282,2
22966,2
26096,3
34863,3
12378,2
52950,2
33744,4
11438,2
15434,3
58253,3
20732,2
32078,2
60056,4
10288,2
24669,2
25777,2
38919,2
41750,2
29452,2
2246,3
58509,4
45719,3
8811,2
37866,2
33927,2
55070,3
31715,4
5562,2
6984,2
16165,2
52584,2
56786,2
30448,2
15841,2
45894,4
43018,2
52540,2
49283,2
58001,3
4532,2
10860,5
55222,2
13332,3
36045,2
55720,2
19483,2
44114,2
60819,3
53291,2
49947,2
45555,2
9184,3
5946,5
35964,2
7164,2
16871,3
24729,2
6788,2
32394,2
34805,4
41621,2
43651,3
45973,3
39334,3
297,3
22871,4
26893,2
53241,2
55631,2
62637,2
14426,2
61051,2
40,2
20238,2
54667,2
27681,4
19953,3
35227,2
33598,2
9666,2
44780,2
13948,2
21256,2
23205,2
59906,3
44445,2
61113,2
16052,2
39855,2
57892,2
46085,3
50100,3
9841,2
36373,3
51440,2
2059,2
19951,3
12612,2
46913,2
58637,3
8115,2
44262,2
53204,2
16238,2
11694,2
41104,3
48675,2
494,2
1905,2
4526,2
7082,2
11001,2
16186,2
18586,2
20468,2
20487,2
21380,2
25311,2
30482,2
34572,2
37270,2
39414,2
39601,2
40529,2
43688,2
49460,2
9437,2
4122,2
41690,3
17808,2
24709,2
36957,3
43277,2
56981,2
14996,3
30752,3
12910,2
21469,4
41777,3
47341,3
54386,2
31340,4
27023,2
5182,2
52723,5
5767,3
31766,3
6846,3
33902,2
43664,3
2816,2
11275,3
46560,3
40999,3
30288,3
44148,2
1794,2
52699,3
26023,3
25453,2
27521,3
23759,3
33890,2
45882,3
16537,3
3638,2
52603,2
6552,2
45899,2
56120,2
18279,3
61033,3
61933,2
38305,3
341,2
5359,2
36282,4
17838,3
13643,3
17780,2
34632,2
61949,2
1478,2
1939,2
25585,3
37089,3
16022,3
8824,3
25885,2
9055,2
23244,2
46546,2
26782,3
39428,4
59235,2
4668,3
28069,2
9935,2
33286,2
38399,2
40086,2
55945,2
13125,2
7076,3
1648,2
62018,3
25001,3
37774,2
4304,3
38103,2
9552,3
9862,2
22907,2
10919,4
30580,2
22942,2
37145,2
59317,2
43455,3
35128,3
57078,4
30704,2
59133,5
2530,2
4828,2
15815,2
13971,2
47491,3
59464,3
15411,3
439,3
36252,2
53607,2
51409,2
14036,2
28818,5
10200,3
11046,3
17105,2
32149,2
33858,3
14459,4
32124,2
18612,2
20682,2
35105,2
42730,2
26617,2
56945,2
1892,2
60902,3
51514,2
29456,3
40283,3
42791,2
4722,2
30191,4
11521,2
7999,2
61803,3
31789,2
62022,3
29618,3
8143,2
39917,2
39318,3
48299,5
51015,2
60080,2
31381,3
45434,4
53381,2
19975,2
61890,2
48790,4
59471,3
7547,2
55154,2
5468,4
9816,3
7993,2
18795,3
7890,4
5885,4
36409,3
51516,2
49546,2
24824,2
55198,3
58439,2
61431,3
40902,2
42899,3
32320,3
30341,2
44204,2
33433,2
51070,2
9036,2
8387,2
20739,2
8402,3
31508,2
62135,3
14546,2
40370,2
22727,2
8972,2
7948,3
37022,2
7244,2
50758,2
1025,4
15969,3
54990,2
42453,2
41277,2
10912,3
12942,2
15534,2
15535,2
44653,4
56696,3
9071,2
27187,2
42137,2
45636,2
4104,2
36367,2
5833,2
61425,2
15049,3
13754,2
21564,3
29119,3
20205,4
28470,3
59685,3
49085,5
48438,2
45278,3
55980,2
15330,3
40416,2
29288,2
34294,2
27090,2
38277,2
12207,2
9538,2
62044,2
51371,2
1492,2
14236,2
17133,2
26084,2
35004,2
44146,2
53123,2
11199,2
44170,2
25697,6
49260,2
43770,3
39613,2
54492,3
49105,3
20567,3
10871,3
62084,2
15481,2
15413,2
18652,2
34082,3
39136,2
41374,3
7486,2
34249,3
31388,2
20726,2
33896,2
18527,2
5225,2
8722,2
27847,3
15470,4
27736,3
31907,2
36237,3
60361,2
48621,2
6012,3
2499,2
2802,2
4611,2
5512,2
19013,2
23557,2
24281,2
31430,2
38840,2
55818,2
415,2
28301,2
4397,2
55724,2
49697,2
2091,2
55464,3
172,3
9679,3
41090,2
31880,3
52380,3
53211,3
6733,2
2677,2
54557,2
22096,2
4010,2
14557,4
5098,3
43527,2
16310,2
24436,2
54647,2
42959,2
10493,2
40424,2
37951,2
10783,2
55768,2
55612,2
55847,4
61744,2
59486,3
49458,2
46469,3
29106,2
3912,3
51026,4
26535,3
27759,3
35730,3
48007,3
35103,2
35852,2
50762,2
40093,2
4845,2
61805,3
37726,5
16922,2
11171,2
53221,2
1094,2
58604,2
26750,2
36457,5
49432,2
1531,2
50400,3
39347,4
47479,7
38105,2
19977,3
56342,2
28686,4
22718,3
37341,2
30683,2
39924,2
1496,6
37479,3
12162,2
9408,3
7,2
40304,2
25339,2
12159,6
16709,2
54391,2
33579,2
42086,2
49213,2
4528,2
60912,2
13123,2
33315,2
42438,2
11728,3
15464,4
16877,2
16430,2
19558,2
1975,2
38716,2
5792,2
21104,4
60673,2
13409,3
17192,2
56383,4
27562,3
8430,4
15423,2
6837,3
52818,2
21196,2
26370,2
50371,5
43421,2
874,2
17429,2
50094,2
55835,2
50558,2
4247,2
28476,2
3894,2
11273,2
29666,2
8503,3
18154,2
19931,3
38954,2
36025,2
57790,2
21081,5
25251,2
24530,3
40884,2
57058,2
58617,2
57290,2
18249,3
55391,2
49207,2
6039,2
50028,3
7138,4
46150,2
32052,2
11326,2
61008,3
41959,3
55405,2
48397,2
6995,2
61042,2
10749,5
3451,3
22362,2
9318,2
59993,4
18209,2
4063,3
42113,2
55941,3
42757,2
5511,2
31606,2
1269,3
12554,3
14352,2
19721,3
19368,3
42474,3
3203,6
3735,2
40793,2
43671,2
59526,3
9398,2
52283,3
33197,2
56261,2
46423,5
51467,2
59363,2
3575,4
55244,2
9457,2
18328,2
60738,3
61747,3
14334,3
14513,4
52556,2
46596,3
13313,3
51038,2
48804,2
54437,2
48385,3
39266,2
11524,2
5656,2
21423,2
45178,4
19697,2
31694,2
9393,2
42989,3
31179,2
9677,4
15412,2
55894,2
54835,3
44837,2
20757,2
22363,3
24132,3
36455,2
26386,2
18588,2
20050,2
55943,2
62096,2
14030,2
43495,2
46562,3
1451,2
8375,2
15515,2
6885,2
11189,2
35358,6
21435,3
270,3
14146,3
50366,4
29010,3
50263,3
19923,2
48464,2
57014,2
58568,2
12739,3
2409,2
43912,3
29705,2
46862,4
16384,2
51822,2
7877,2
20931,2
62128,2
15285,2
17147,2
26292,2
42355,2
42437,2
5129,4
61261,3
50858,2
61629,2
46611,2
42554,3
24297,2
19444,2
31304,2
4594,3
9203,2
55610,2
52216,2
42924,2
38060,2
34151,4
16513,2
18353,3
12489,3
37928,2
54089,3
43081,3
7576,2
49940,2
4660,2
41935,4
27257,3
20764,2
25401,2
55469,2
32224,2
25842,2
24115,2
19870,2
18257,2
27580,3
6718,4
10256,3
11786,2
13186,2
19234,2
21772,2
21813,2
27984,2
36432,2
36459,2
39853,2
53177,2
28782,3
11911,3
21511,2
13518,2
7768,4
10157,2
4281,3
20621,2
56811,4
12929,4
13632,2
50071,2
7468,2
35427,2
62291,2
9852,2
44593,2
4919,3
4295,4
43286,3
3663,2
8558,2
59306,3
28278,2
48017,2
45471,2
3353,2
53195,3
58449,4
58840,2
22815,2
55052,2
41270,2
61353,4
20752,2
41737,3
733,2
2550,2
3141,2
7350,2
9078,2
9219,2
10426,2
19114,2
21551,2
28579,2
30644,2
31661,2
34177,2
37400,2
40325,2
40624,2
40625,2
48827,2
51508,2
52020,2
54426,2
54434,2
54450,2
54518,2
57486,2
58904,2
61153,2
33342,3
43805,3
16034,2
52048,2
46829,2
619,2
8517,2
31815,2
41936,2
49667,2
296,2
46495,3
40501,3
30916,2
6802,5
16324,2
18373,2
14915,3
58573,2
24199,3
24801,2
60117,3
1643,3
41135,9
36358,4
33546,2
8620,3
61734,3
45095,2
14655,2
25042,2
53941,2
23272,3
38120,2
9292,2
18344,2
9840,3
13364,3
32045,3
14343,5
11707,3
11827,2
58163,2
21112,2
4437,2
45286,4
8820,2
15765,2
27183,2
21776,4
17307,2
20207,2
40201,2
53222,2
7303,3
20151,2
36159,3
8178,2
21597,3
61366,2
9085,3
32927,3
52841,4
61334,3
49101,2
27267,2
1959,2
19630,2
16228,2
24621,2
26624,2
37803,2
51164,2
54219,4
28413,2
62156,2
12867,2
62111,2
60413,6
55770,4
25681,3
5381,2
25706,2
32322,2
55799,2
58303,2
61494,2
59687,2
50330,3
445,2
61507,2
4308,2
10894,4
56320,2
47006,2
42364,2
20496,3
45077,2
11667,2
24826,3
10687,2
61651,3
52762,2
7228,2
41156,2
59348,3
8966,3
58149,2
34481,2
36469,3
43589,2
43697,3
59705,2
12451,3
27138,2
54254,2
61535,2
11197,2
20558,2
57215,2
3315,3
36019,3
11810,4
7749,2
9444,3
46634,3
17645,2
24644,4
11798,2
47288,3
52289,4
18114,3
9424,4
9911,2
16847,3
39714,2
43231,3
50118,2
26896,3
44236,2
48059,2
34325,2
40582,2
46908,2
35532,2
34328,3
45750,2
34230,2
57467,2
116,3
16887,3
27452,3
59331,2
482,2
13596,4
36325,3
45164,2
50483,2
35713,2
20918,3
39974,2
41038,2
57635,2
49661,2
58102,2
21937,2
55974,3
14305,2
61294,3
57461,3
9446,2
14000,4
56285,4
54281,3
19964,2
47913,2
24225,3
54496,2
27632,2
29776,3
58988,3
12606,2
46412,2
61532,2
35509,2
30437,2
30507,2
13604,2
6220,2
7175,2
13620,2
26548,2
54803,2
9843,2
58035,3
30493,2
28292,3
52443,2
8797,2
36423,2
7458,2
17425,2
51405,2
30631,2
48128,2
10516,2
32212,2
54449,2
22967,2
15205,3
62671,3
26756,2
21970,3
16803,2
23679,3
34839,2
25363,3
20006,2
27497,2
52544,2
3680,2
52235,2
42481,2
41801,3
316,5
25931,5
43016,4
5630,2
38464,2
25989,4
29772,2
24025,2
11755,2
37241,2
30610,3
34969,6
46298,4
58492,2
60247,4
53897,2
36897,2
98,2
16794,2
38803,2
3425,2
31198,2
54701,2
27833,3
1524,3
47908,2
38683,2
18131,2
62612,2
7084,2
47868,3
251,2
42770,2
20009,2
163,2
52503,3
28392,2
47910,4
42650,2
44099,4
27223,2
13384,2
5775,3
16839,2
19720,2
8560,3
49718,2
31492,5
16917,2
5279,2
53005,2
62060,2
20796,2
54347,2
29741,2
46103,2
33422,2
21486,2
54276,2
33034,3
3459,2
18502,2
59097,2
57113,2
15225,2
7221,2
31245,2
1930,2
139,2
5070,2
18942,2
18160,2
3866,2
33779,2
40756,3
33587,3
38334,3
57569,4
19255,3
27996,2
427,2
28664,2
29308,2
56004,2
59578,2
43435,2
6292,2
61149,2
53516,2
26317,2
4543,3
31236,2
45332,3
45748,3
11736,2
59093,2
8036,3
22060,2
9239,2
7270,2
52467,4
49277,2
32964,3
47789,3
48138,2
55132,2
9077,3
41264,3
33420,2
34226,2
43317,3
52840,2
57277,2
11302,2
59480,2
16361,2
27089,2
11090,2
36586,3
11858,3
7000,3
42077,4
52571,2
30263,3
4860,4
45165,2
49617,5
23755,3
17830,2
8174,3
61422,3
15991,2
18162,3
46337,3
60614,2
3665,2
16620,2
16272,3
3313,2
22471,2
24984,2
44768,2
22600,3
31982,2
59924,3
20064,2
53148,2
22808,2
24041,3
5196,2
48846,2
31440,2
54447,2
29716,3
46990,2
39283,2
30029,2
22382,2
8800,2
25677,2
32043,2
41879,2
60175,2
41715,3
56000,2
37667,3
43165,3
50295,2
1838,6
6075,3
62439,2
60450,2
28976,2
6453,2
17975,3
60084,2
17882,2
38586,2
3776,2
21522,2
23857,2
28486,2
4396,2
54209,2
51923,4
28573,2
37594,2
46288,2
14951,2
31994,2
40758,2
18241,3
35277,2
7219,2
41112,2
39897,2
57609,3
40414,2
51630,2
16648,2
41318,2
41739,2
62067,3
17565,2
29026,2
30410,2
27077,2
59039,2
43656,3
19327,2
55986,2
18332,3
46930,2
14809,2
9933,4
38274,4
29022,2
11570,2
27567,2
56035,2
2239,3
22787,2
42511,2
10908,2
1789,3
15996,2
14198,2
24867,2
43345,2
12598,2
40686,2
43476,2
30106,2
33047,3
42120,2
8629,3
25357,3
45839,2
22735,2
15837,2
28329,4
59745,2
14152,3
34121,2
7306,5
26233,4
62013,3
54487,3
51664,2
59213,2
17496,3
873,2
47385,2
35651,3
47628,2
39304,2
20027,3
52482,3
17674,2
1598,4
13628,2
38888,2
32046,2
53,2
55634,3
25648,2
28660,4
33981,2
19160,3
3640,2
61093,2
43490,2
54473,2
9066,2
61523,2
28930,2
56934,2
43084,2
11904,2
16092,2
21714,2
27435,2
31865,2
57687,2
57194,2
33848,2
43248,2
18862,2
60075,2
25608,2
31628,2
36093,2
7520,2
13843,2
33999,2
21481,2
3364,2
49584,3
61628,3
32065,2
12204,2
56552,2
19365,3
59118,2
62850,4
407,2
37066,2
12179,2
17834,2
45430,3
40102,2
62587,2
8028,2
17161,2
26218,2
62040,2
62055,2
25998,2
48525,2
16926,2
13343,2
12651,2
24104,2
11559,2
41816,2
25452,2
4503,3
30544,2
15191,3
45801,2
48447,2
58333,3
27450,2
51168,2
18238,2
26479,3
27295,3
52941,3
21125,2
49143,2
5397,2
14380,2
23203,2
25641,2
41377,2
43773,2
46331,2
48832,2
50374,2
60909,2
40981,2
33578,6
15703,2
12900,2
25414,2
60015,2
19846,2
15417,3
12791,5
38841,2
23197,2
60815,2
1264,2
13058,5
8918,2
52329,2
45470,2
34412,3
37061,2
60522,2
46808,4
51347,2
61273,2
48102,2
2655,2
4184,2
44689,2
47881,2
32125,2
11777,2
16797,2
21028,3
14388,3
5328,2
19590,2
23934,2
28023,2
8645,3
41258,3
58551,2
14637,2
27,2
37187,2
25505,2
33300,2
39325,2
56357,2
50540,3
19262,2
40910,2
55038,2
23867,2
30754,4
36164,3
41987,3
47925,2
36487,3
1056,2
32519,2
41179,2
11723,2
27440,2
1407,2
44369,2
39311,2
49908,2
44176,2
27283,2
36602,2
6266,2
22622,2
38825,2
18659,3
28340,2
6287,2
49310,4
51190,2
11668,2
558,3
21022,2
5635,2
14066,2
16355,2
51914,3
54335,3
41646,2
59350,2
22169,2
27801,2
33971,3
23951,3
50888,2
40613,2
1421,2
15988,2
31580,2
7818,3
43778,2
37827,4
34204,2
43856,2
40002,3
5549,2
52361,2
25588,2
3177,2
8226,2
21871,3
26221,2
27203,2
1748,3
31517,3
28657,2
52463,2
38891,2
48319,2
21660,2
54061,2
7351,6
5997,2
8146,2
8277,3
60770,2
11653,2
59759,3
11317,2
350,2
42057,2
1434,2
58703,3
256,5
38129,4
12583,3
5352,3
43004,2
55182,2
4342,2
36425,2
13445,2
21580,3
56946,2
27671,2
20645,2
1662,4
59026,2
41885,3
10479,2
36053,4
9218,2
61543,2
53018,3
7107,3
25552,3
33487,2
45538,2
50581,3
51252,2
20535,2
4201,2
24459,2
24761,2
61819,2
45547,2
44214,2
6030,2
4687,2
13681,2
38969,2
29540,3
1902,3
4430,2
43869,2
47723,2
61837,2
35396,2
59320,3
38226,3
8323,2
8326,2
1307,3
46465,3
53371,3
27191,2
33374,2
42461,2
45328,2
52227,2
54292,2
41478,5
46667,2
27838,2
29609,2
50182,4
54037,3
24841,2
54403,2
17296,2
55935,2
62810,2
62835,2
54073,3
20195,2
28981,2
39747,2
6725,2
9813,2
60792,2
19491,3
8693,3
140,3
1652,3
17633,2
31436,2
30298,3
24062,2
25650,3
269,2
24937,2
30588,2
47155,2
59347,2
58931,2
20940,2
18577,2
49483,6
5730,2
36767,2
18341,4
15896,2
27548,3
3225,2
10843,2
14067,2
21932,2
3218,4
15399,2
44735,2
3522,2
18525,2
33759,2
59888,3
10595,2
46832,2
14590,2
1961,2
15194,2
33291,2
15344,2
42306,2
34526,2
34984,2
5202,3
18545,6
51388,4
57346,2
9747,3
428,2
3396,3
14370,2
20990,2
28226,2
33986,3
27459,2
24409,2
28873,2
4754,2
22398,3
52697,2
7379,3
19700,4
37133,2
58098,2
5257,2
14427,2
21476,3
40141,3
58834,4
55679,2
605,2
61387,3
7347,2
39398,2
57866,3
6899,2
12006,3
24,2
45928,2
46530,2
49126,2
39918,2
11527,2
20490,3
24683,2
40047,2
1323,2
23797,2
22083,3
48911,2
47833,3
15579,2
1273,2
37968,2
27979,3
7880,2
33419,2
43222,2
7717,2
6127,2
52998,3
39720,2
18514,3
6310,2
9326,2
20069,2
36430,2
41518,2
47087,2
16120,2
56507,2
50373,3
59716,2
45446,2
22275,2
56968,2
27259,2
10313,2
11701,2
46113,3
14684,3
29284,3
49217,3
45509,3
39032,2
43298,2
58588,2
15016,2
48524,2
50073,2
11471,2
11807,2
29254,2
21574,3
19755,3
50523,3
8257,2
18475,2
40330,3
36508,2
45601,2
49431,2
38812,5
16321,2
49386,2
51799,3
50269,2
23878,2
59299,2
42436,3
57055,2
3816,2
53392,5
9653,3
36514,3
47795,4
40289,2
28944,2
60887,2
2461,3
31206,2
12939,2
22212,3
7668,2
50629,3
7744,2
57910,4
56559,2
62806,2
40696,2
44270,3
33675,2
3294,2
356,2
38720,2
45122,2
5232,2
14862,2
32155,2
40978,3
54382,3
34153,2
36941,2
19898,3
12575,3
45394,2
25191,3
21868,5
9427,2
21436,3
56777,2
54307,2
58818,2
22649,2
34490,2
44255,2
14167,2
27106,2
33307,2
60202,2
25240,3
33172,3
14858,2
38680,3
40151,9
16769,3
18504,2
1603,2
22737,3
27834,2
20671,5
9549,3
46730,2
11097,2
59015,2
57543,2
36079,3
38432,3
46494,2
38465,2
10098,3
7700,2
24599,2
39727,3
47078,2
61811,2
232,3
25010,2
5431,2
11426,2
17734,2
61338,2
24552,2
13639,2
43408,2
62665,2
51328,2
25141,3
3819,2
9574,2
28145,10
36330,2
25446,3
27135,2
54484,4
15545,2
7488,2
12567,2
9754,2
13285,2
40872,2
37981,2
46680,2
24732,3
15135,4
10225,2
47073,2
59834,2
27566,2
59516,3
4193,2
17521,2
23681,2
9435,2
61356,2
33973,2
18634,3
22432,2
6875,2
39985,2
1505,2
32183,2
54994,2
60972,3
60140,2
20524,2
56055,3
2715,2
52472,3
4882,3
11871,2
48623,3
6389,2
7282,3
32044,3
46762,3
29481,2
27767,2
34384,2
9545,2
17120,2
61611,2
3548,3
21975,2
45156,3
19958,2
50541,3
38894,2
52326,2
18081,2
54490,2
6631,2
31878,2
34213,3
565,3
55650,4
35831,2
27545,2
39145,2
32489,2
31024,2
51539,3
46652,3
25782,2
29762,4
47380,2
9504,2
27157,2
48461,2
58624,2
61845,2
6107,2
38282,2
10648,2
21381,2
5138,2
20020,2
9273,3
15369,2
46622,2
57519,2
40396,2
30416,2
46743,2
43270,2
14688,2
31497,2
41896,2
56814,2
21617,2
34461,2
44753,2
52373,2
26649,2
41698,2
207,2
15833,4
3951,2
30891,2
238,4
42628,2
60323,2
10341,2
18883,2
32294,2
45042,2
59203,4
17164,2
59258,2
60180,2
26712,2
5550,2
32086,2
29267,2
11990,2
61032,2
41629,2
60991,2
20049,2
24637,2
27082,2
51506,3
20086,4
53210,4
47603,2
8953,2
23552,3
45824,3
60355,2
41516,2
13168,2
23300,3
28153,3
42053,2
36381,2
763,2
31194,2
43264,3
609,2
9426,2
28612,2
51889,2
11920,2
41534,3
14382,2
25438,2
26440,2
52259,2
59071,2
24073,2
53097,2
57949,2
7214,2
61534,3
53744,3
39781,2
16973,3
43385,10
44005,2
17309,2
28715,2
45188,3
44172,2
36870,2
50852,2
33767,2
18452,4
17514,2
53930,3
55727,2
3514,3
44608,3
886,2
31139,3
14522,2
14428,2
48615,3
11880,2
21162,2
56866,3
20581,3
48519,2
47912,2
36633,2
58067,2
59814,3
36933,4
41528,3
56108,3
2524,2
9185,3
39769,2
12785,2
45773,5
49057,4
8964,3
57092,3
54208,2
9250,2
234,2
1188,2
5331,2
6470,2
6497,2
7124,2
9510,2
9871,2
16235,2
18252,2
23766,2
24559,2
27749,2
28459,2
29390,2
33862,2
37056,2
40916,2
41044,2
42658,2
45205,2
49559,3
51469,2
55814,2
57855,2
58157,2
61712,2
49407,6
14473,2
43375,2
31033,2
5488,2
24502,2
2474,2
57488,2
60108,3
16395,3
6595,3
40140,3
40373,3
18466,2
18177,2
53476,3
46196,2
38108,5
54702,2
62219,3
32237,2
24759,2
50946,3
59231,2
5983,3
19682,2
15539,3
25354,2
36328,2
36427,2
10657,2
30618,2
59618,2
11899,2
32995,4
18196,2
36171,2
60024,2
27506,2
43616,2
29514,3
15364,2
1895,2
50388,3
38707,2
20625,2
45229,2
35886,2
51582,3
16365,2
21708,2
52641,2
30776,2
49356,4
2240,2
37326,3
52476,2
7940,2
43994,2
50381,2
21969,2
47690,2
28886,3
49655,10
27876,2
3207,2
49071,3
61040,2
20810,2
10768,3
54746,3
36641,2
6361,2
7191,2
1706,2
25491,2
1945,4
55496,2
32378,2
58175,3
46655,2
2108,2
48051,2
12234,2
52204,2
36245,2
54982,2
9778,2
6872,3
5605,4
61762,2
18,3
9374,6
47879,3
50531,3
46659,2
1627,4
49218,3
45480,2
37048,2
27559,2
4570,2
24421,2
12145,3
41957,3
59479,5
45019,2
30833,2
52498,2
49871,4
7227,2
19616,2
10198,2
24674,2
34210,2
7859,3
32428,2
16016,2
51312,2
59863,3
59611,2
1126,3
50333,2
9368,3
46290,2
22307,2
2067,3
12812,2
33496,2
40645,2
4584,2
37708,2
36227,3
61304,2
58051,3
2696,2
7982,2
13950,2
17046,2
17175,2
19470,2
19509,2
21077,2
30020,2
34992,2
45584,2
52187,2
53113,2
61062,2
62000,2
62061,2
52821,2
3344,2
58225,3
8770,2
36494,2
61465,2
6235,2
10747,2
33456,2
61572,2
39589,2
23271,2
27575,2
7053,2
28080,3
8012,2
8048,2
43918,2
54581,2
13454,3
18264,2
6152,2
21594,2
51453,2
13520,2
16704,2
62254,4
491,3
54455,2
13395,2
12265,3
51957,2
54649,2
1866,4
7986,2
23421,2
56249,2
57255,2
52325,2
30607,3
3011,2
16595,2
22057,2
48908,2
30977,3
34495,2
35178,2
10197,2
1705,2
8466,3
13735,2
16416,3
36218,2
62778,2
22028,2
38686,2
22367,2
19291,2
36034,2
50968,2
15843,2
327,2
26206,2
62547,2
6199,3
2966,3
39095,2
31308,2
42541,2
15222,3
52061,3
129,2
36133,3
49681,2
19486,2
31904,2
17452,2
32193,2
30176,2
25184,2
49484,2
42927,3
17677,4
38640,2
158,2
6982,3
60741,2
23606,2
16166,5
6697,2
21403,2
26149,2
31798,2
33351,2
50867,3
33969,2
16135,2
5579,2
28120,2
32408,2
55910,2
56883,3
36188,2
17131,2
28890,2
27510,3
62382,3
8240,2
27531,2
36567,2
55867,2
58489,3
39051,2
12721,2
10915,6
37952,2
7689,2
17042,2
26220,2
26695,2
35049,2
42392,2
44106,2
58764,2
29786,2
61068,2
51462,2
59568,2
51279,3
25474,2
41248,3
52143,2
38450,2
9717,2
2851,2
4443,3
15860,2
22746,2
59693,2
41063,4
15368,3
20960,3
50613,3
39597,2
10475,8
29848,3
12662,2
21014,2
54365,2
54799,4
22134,3
31563,2
6135,2
19608,2
1966,2
47691,2
7318,2
8317,2
9311,2
41962,2
39609,2
20624,3
22058,2
47930,2
41794,2
12522,2
43586,2
19197,3
52782,4
17024,3
3815,2
53387,2
17032,2
27340,2
46008,2
61320,2
44446,3
12130,4
36134,3
32868,2
33586,3
58885,2
34263,2
45135,2
5762,2
5858,2
39033,2
184,3
47972,2
36287,4
42076,2
45325,2
34505,2
56596,4
39869,2
40768,2
200,3
48759,4
39146,2
34629,2
5207,3
46145,2
5564,2
50280,2
7235,2
30115,2
10079,2
3006,2
59256,3
17150,2
30251,3
38523,4
28544,3
45198,2
40759,2
16113,4
57706,3
55671,2
56911,4
51035,3
41189,2
36222,2
30311,3
52659,2
54543,2
33872,2
10384,2
57012,2
34602,2
46146,2
28922,2
25387,2
18782,2
5171,2
39885,2
7997,2
61349,3
30979,2
44857,2
53919,2
24820,2
31208,2
32234,2
1238,2
32588,3
34428,2
47911,3
49890,2
50913,2
27413,2
51745,2
43483,3
36128,3
37843,3
30167,2
1733,2
18255,4
18304,2
21889,2
25136,2
59335,2
59461,2
20701,2
24908,3
9442,2
30346,2
33787,2
4501,3
49403,3
47706,2
11687,2
46701,2
52890,2
2385,2
32480,3
23535,2
52573,2
25151,2
46740,4
15994,2
23709,2
60428,2
61021,2
4968,2
40946,2
61193,2
12276,2
38474,2
58962,2
4166,2
52146,4
9072,3
6417,3
59087,3
45505,3
26289,3
34747,3
44131,2
52093,2
61499,3
26290,2
29968,3
18192,2
45504,2
30828,2
25978,2
55714,2
56597,3
45560,2
30883,2
34043,2
1413,2
6965,3
23701,2
60396,2
3748,3
38731,2
42482,2
58685,2
18184,2
17685,3
41881,2
43431,4
225,2
48228,2
34240,2
12860,2
13918,2
34385,2
54224,3
32859,2
44705,4
215,2
20080,2
34907,2
39424,2
40057,2
58104,3
58594,2
60330,2
61136,2
61560,2
61920,2
12849,2
61977,2
17210,2
53139,2
42468,2
36145,4
38984,4
31725,2
1320,2
11432,3
12684,2
35997,2
19003,2
49598,2
38531,2
36404,2
33504,2
50211,4
45594,3
20815,2
37312,2
57668,2
48537,7
11745,2
50464,2
12955,2
32301,2
45289,2
51981,2
61880,4
36060,2
9755,2
14988,2
20106,3
62095,3
60999,2
569,3
9460,2
23976,2
44216,3
21510,2
18922,3
10233,2
46623,2
25270,2
36369,2
36243,2
19627,2
46481,2
54535,2
8360,2
31318,3
45975,3
54183,3
60790,3
28969,2
17289,2
62131,2
29857,2
57186,2
6860,2
4005,2
19169,2
17166,2
19366,9
55784,2
46973,3
31856,2
54675,3
61630,3
43437,2
45212,4
16432,2
52849,2
59683,3
37982,2
39247,2
3632,2
6989,2
15388,2
15616,2
42260,2
51781,2
13235,2
20609,3
31546,2
31083,2
28819,2
60712,2
42429,3
7223,2
16688,3
42588,3
25028,2
22206,2
54139,2
44927,2
2861,3
2962,2
48945,2
54981,3
31531,2
1241,2
59324,2
7213,2
2979,4
10732,2
47400,3
10692,2
11862,2
21094,2
11292,2
15846,2
18497,2
31358,2
46124,2
9259,2
30534,2
60170,2
57219,3
35986,4
19675,2
61120,2
37344,2
61639,2
6689,2
43042,3
45442,2
9257,2
21839,3
22339,2
55735,2
60329,3
24629,3
25762,2
6442,2
16105,2
13776,2
40367,4
62704,2
37825,2
9960,2
18935,2
46994,2
1495,2
28860,2
30207,3
5591,2
1858,2
22972,2
23210,2
42375,2
44734,2
28854,2
13163,4
28688,2
36221,2
33612,2
34626,2
27949,3
901,2
2758,2
21146,2
27390,2
30093,2
32401,2
46771,3
59460,2
20850,2
16294,2
25377,2
45630,2
43935,2
6347,3
34421,2
55996,3
34489,2
4459,2
60417,2
13436,2
28346,2
28773,2
23651,2
15177,2
31526,3
43413,3
30768,3
30032,2
5601,2
14892,2
27154,3
58582,3
51274,2
18719,2
48724,3
14743,3
14501,2
9720,2
16980,2
48222,2
41433,2
51800,2
1068,2
40026,3
9079,2
39100,3
54060,2
56417,3
9367,2
23443,3
31346,2
3485,3
29381,2
52201,2
7538,2
16955,2
38027,2
30165,2
17184,2
33527,3
31659,2
20082,2
54330,2
19438,2
47369,2
36374,2
44437,2
466,2
45382,2
23050,2
46017,3
26165,2
19644,2
54544,4
2121,2
36682,2
4133,2
58002,2
28937,2
34127,2
60055,3
35612,3
54204,4
13293,2
5025,2
6406,2
15883,2
12363,2
49962,2
12041,4
17961,2
28107,2
31521,2
28836,3
5711,2
57363,2
27418,2
2840,3
13114,2
3072,3
22882,2
19970,2
45712,2
48613,2
55904,2
59240,2
14080,2
19925,2
20091,2
21697,2
45481,2
51922,2
13580,3
36363,2
16014,2
18284,2
1893,2
10567,2
4140,2
19909,2
40863,2
47966,2
18561,2
22133,3
53100,2
32700,2
8364,2
45280,3
26345,2
60414,2
30663,3
43631,3
17870,2
5035,2
16010,3
19874,2
47461,5
39677,2
59154,2
109,2
32738,2
27209,2
57457,2
3350,2
9289,2
13403,2
29749,2
36886,2
46968,2
55641,2
59229,2
32057,2
53111,2
50653,2
22726,3
29659,3
39746,2
36452,2
46590,3
24813,2
44571,2
55558,3
44948,3
61832,2
16614,2
43687,2
28925,3
41820,2
1261,2
43451,3
52563,2
6355,2
25460,3
43082,2
9033,2
14268,3
10621,2
320,2
20955,2
33989,4
45189,2
20647,2
893,2
54429,2
435,2
54275,2
34141,2
14632,2
45252,5
1813,2
50143,2
713,2
54113,3
57315,2
2764,2
26357,2
54564,2
26388,2
6859,5
18277,2
42953,3
1917,2
54026,2
58120,3
39844,2
46756,2
48338,2
13957,2
58143,2
2558,2
9469,2
38420,2
39421,2
43989,2
52739,2
3138,2
9540,2
29463,2
45836,2
37473,2
48085,3
15572,2
45078,2
22419,2
10143,2
33104,2
50270,2
4510,2
7482,2
43614,2
43555,2
22340,2
2976,2
51143,2
38678,2
16054,2
8802,2
42126,2
14728,3
7620,2
24086,2
34163,3
28813,2
28385,2
56986,2
7465,3
23540,2
52132,2
55897,2
60692,2
33275,2
18807,3
45167,2
51899,2
21237,3
31216,3
34932,3
46200,2
57337,2
20934,2
35577,2
24543,3
18991,2
58680,2
46236,2
24817,2
37065,2
55216,2
59148,2
52543,2
24736,2
45336,2
34009,2
24910,2
9223,2
17535,2
49042,2
18438,5
11027,3
26110,2
57764,3
23456,2
6935,2
14201,2
8679,2
21842,2
30980,2
34482,2
11642,2
55351,3
18159,2
19495,3
4072,2
36365,2
45355,2
57854,2
13607,3
1296,2
28046,2
32769,2
33364,3
38690,2
42754,2
48011,2
41641,3
37935,5
40897,3
1958,2
24028,2
45737,2
23058,3
11730,2
19929,4
54652,2
50568,3
59478,3
10583,4
53666,2
61393,2
33078,2
233,2
23876,2
34362,2
29430,4
50254,2
46106,2
62302,5
36395,3
18513,3
29107,2
4757,2
46359,2
59001,2
39001,2
34183,2
56398,2
36486,2
49302,3
38267,2
50891,2
25266,2
39332,2
9117,3
4287,2
47186,2
24962,2
35843,2
40096,2
15467,2
30719,2
34657,2
18864,3
39901,2
18396,3
32233,2
36446,2
28741,2
41228,2
2209,2
14033,2
13216,2
39246,2
22153,2
12547,2
31032,2
27829,2
6650,2
20659,2
1343,2
58177,2
3996,2
55838,2
5324,2
17145,2
31015,2
28988,3
46737,2
19187,3
25476,3
57398,2
61226,2
15742,2
23012,2
50133,2
18555,2
6958,2
43070,2
40896,2
58361,2
62359,2
52105,2
25665,2
26172,2
28704,2
43784,2
62618,2
41595,3
46725,2
45080,5
38989,2
33239,2
10827,4
18554,2
55822,2
46396,2
13386,3
30720,2
12365,2
12765,2
34872,2
32182,3
22678,2
52958,2
16055,2
3719,2
3536,2
13328,2
39947,4
40697,2
2223,3
4113,2
41207,3
42635,2
28797,2
33236,3
39352,2
14270,2
18230,2
20662,2
30675,2
35575,2
36276,2
61940,2
17204,2
18358,2
9006,4
16107,3
21002,2
29655,3
57498,2
28004,3
17238,2
35802,2
60663,2
5363,2
231,2
35124,2
20728,2
30450,2
30652,2
33119,2
19455,2
52505,2
26209,2
2566,2
4418,2
25111,2
32536,2
47454,4
45550,2
37635,2
21110,2
14393,2
54146,3
18575,4
62122,2
43590,2
47453,3
21173,3
27148,2
1012,3
14664,2
27221,2
47320,2
25351,2
11512,2
60911,2
50390,2
45463,2
45545,2
37875,2
49837,2
797,2
17341,2
11491,2
43596,2
48081,2
61701,2
62041,2
62159,2
25112,3
54271,2
49175,2
61420,2
36138,2
18346,2
3645,2
54559,2
27944,2
9599,2
3973,3
9150,2
29379,2
40937,3
12639,2
25179,2
52532,2
45407,3
48013,2
26911,2
22536,2
34952,2
3532,2
10161,2
39687,2
7147,3
16454,4
45815,3
22665,2
14816,3
38962,2
17781,2
18187,2
56793,2
1864,2
58332,3
33044,4
33102,2
9646,2
22712,2
34126,2
53026,2
46964,2
2109,2
28003,2
3214,2
23231,2
28229,2
2910,2
62802,2
52848,2
56528,3
16261,2
50442,2
22320,3
30,3
17622,3
45107,2
4456,2
9471,2
48431,2
25754,2
4040,2
38247,2
51063,2
4956,2
40082,2
4793,4
17125,2
21959,2
26853,2
35039,2
44000,2
44136,2
44676,2
44787,2
50191,2
53088,2
53620,2
61916,2
45472,3
21329,2
48272,2
60283,2
54127,2
34235,2
22517,2
52323,2
6239,2
19904,2
39988,2
52971,2
44577,2
6806,2
11972,2
15171,2
41007,2
5209,2
10619,2
11733,2
440,2
6297,3
35202,2
81,3
22911,3
488,3
58724,2
37956,2
283,2
16405,2
44332,2
18786,2
25362,2
38114,2
7715,2
14401,2
16738,2
32278,2
41406,2
43843,2
49878,2
50377,2
57719,2
7967,2
34978,2
53055,2
61365,2
40276,2
42883,2
45196,2
35846,2
304,2
11329,2
16524,2
27354,2
27516,2
33827,2
34047,2
34404,2
37642,2
37674,2
38405,2
40044,2
41327,2
42382,2
43874,2
51605,2
59407,2
59419,2
32048,2
11891,2
18415,2
23704,2
28335,2
42761,2
30821,3
44297,2
40878,3
62288,3
51669,2
61417,2
17792,3
27366,3
59812,2
40588,2
29689,3
60275,2
423,2
35415,3
59721,2
60181,2
25416,2
62025,2
23262,2
31265,2
9075,3
16249,2
25319,2
42502,2
5375,2
60721,2
41512,2
49905,2
62290,2
61464,4
47319,4
923,3
13174,2
28506,2
10471,3
28458,2
13377,2
38806,2
49895,2
37930,2
10512,2
16086,2
41181,2
43428,3
58493,2
59750,2
7734,2
17128,2
36122,2
44092,2
62006,2
24901,2
28738,2
58169,3
45346,3
53196,2
42777,2
8495,2
54542,3
52722,2
39353,2
12134,2
10556,3
14619,2
22142,2
57223,2
59645,2
50509,2
24174,3
13153,2
24353,2
9785,2
54742,2
20870,2
15465,2
19120,2
59370,2
46286,2
49074,2
54635,2
6670,2
33839,2
52310,2
36435,2
28919,3
19991,4
56576,2
3689,2
53382,2
51402,2
53560,2
9795,2
22250,2
712,2
38511,2
36733,2
39484,2
20894,2
57611,2
61103,2
42648,2
45076,2
18443,2
15398,3
25605,3
44065,2
53493,2
28665,3
16940,2
33725,2
55949,2
37640,3
48509,3
57407,2
22968,2
45187,2
12258,3
56741,3
7341,2
9606,2
29513,2
57022,2
41289,2
31380,3
42446,2
15108,2
21885,4
36761,2
14440,2
39305,2
20644,2
22651,2
7455,2
31567,2
15533,2
50350,2
60558,2
4943,2
29637,2
40543,2
59164,2
19794,4
37605,2
13664,2
14772,2
37957,2
8006,3
39467,2
4038,2
55398,2
27490,3
15494,2
55491,2
33086,2
11695,3
31084,2
17183,2
52403,2
17528,2
35953,2
27424,2
60931,2
51169,2
2902,2
35355,2
32370,2
53086,2
16515,2
61028,2
40883,3
20793,4
25448,2
1960,2
41305,2
15461,3
58435,3
23735,2
33391,3
45244,2
42005,2
3190,2
7365,2
8046,2
1031,2
20019,2
42023,2
27492,2
38387,2
47745,2
47039,2
62374,2
43274,2
10861,2
60430,2
41701,2
1722,2
19,2
18858,4
41753,2
57638,2
1810,3
27645,2
49891,2
4134,3
46975,2
10722,3
48317,2
43078,2
3895,2
47608,2
51982,2
5304,2
39922,2
18649,2
35045,2
37763,2
28771,2
32818,2
42232,2
51738,3
15735,2
47770,2
54401,2
33151,2
30960,2
9344,2
11555,2
12644,2
36434,2
46501,3
13753,3
39611,2
42185,2
45402,2
50128,2
51702,2
54223,2
43318,2
57452,2
59247,2
35033,2
11581,2
878,2
43347,2
9123,2
45012,2
54048,2
34611,2
42536,6
36981,2
43891,3
29003,3
14449,3
19594,3
37319,2
53129,2
27374,2
4097,2
55800,2
35608,3
25083,2
46677,2
6419,2
20907,2
36311,2
58130,2
53168,2
6250,3
54256,2
7453,2
17185,2
25691,2
27219,3
27290,2
35040,2
52558,2
53126,2
61514,2
45454,2
54974,2
42046,2
56671,2
46979,3
50645,2
4392,2
17585,3
60304,2
492,3
14336,2
54546,2
58553,3
42282,2
47246,2
5408,2
9357,2
42580,2
23255,2
2541,2
11116,2
16683,2
20893,2
25419,2
41649,2
45439,2
50067,2
56753,3
49496,2
17198,2
44150,2
5053,2
28954,2
52830,2
51392,2
38865,2
29630,2
22284,3
17744,2
26083,2
49306,2
54141,3
11019,4
2344,2
39096,2
54550,4
6164,3
1300,2
132,2
57240,2
1811,2
43346,2
17268,2
43753,2
27455,2
41797,3
45680,2
10226,2
6855,2
33684,2
61493,2
19356,2
26008,2
27606,2
30379,2
39624,2
50056,2
52555,2
58575,2
20309,3
25636,2
12972,2
10418,2
29029,2
49954,3
4267,2
30146,2
28394,2
36868,2
30414,2
52481,2
60168,3
35375,2
10944,2
10251,3
46772,2
6734,3
34279,2
49010,2
21536,2
62588,2
58153,2
19869,2
62429,2
20891,2
19266,2
12008,2
56896,3
611,2
33968,2
10599,2
27339,2
35038,2
44122,2
44141,2
44690,2
53087,2
58215,3
136,2
59868,2
30005,2
32282,4
293,2
45825,2
36765,2
29131,2
7613,3
42457,2
12404,2
21767,3
44461,4
6601,2
54245,2
35341,2
24306,2
45425,3
19431,4
2509,2
7845,2
18180,2
38955,2
40137,3
59447,3
25009,2
2522,2
27974,3
50425,2
1889,6
3763,2
26140,2
33462,2
12950,2
47112,2
57608,2
52871,2
46636,3
19008,3
23758,3
24802,2
37046,2
57021,2
37448,2
8029,2
53110,2
62083,2
14904,2
2723,2
9618,2
37311,2
7139,2
45826,2
51225,2
4637,2
43723,2
1416,2
61308,2
28845,2
47312,2
9941,2
35011,2
26968,2
9436,2
40975,2
52932,3
55093,3
62078,2
36370,2
17342,2
11987,2
60798,2
60559,2
3809,3
1045,2
42882,2
468,2
2813,4
7334,2
3363,2
57856,2
52206,2
49603,2
389,5
13914,2
31759,2
9021,2
41606,2
41457,2
42352,3
5710,2
6420,2
10462,2
32876,2
36312,2
43372,2
11982,2
15243,2
21010,2
24129,2
30440,2
32351,2
34783,2
37548,2
62511,2
45288,3
16869,2
16172,2
50850,2
62756,2
88,3
4214,3
22457,2
41878,3
37800,3
36651,2
42152,2
20673,2
17843,2
60016,2
40773,2
9179,2
27602,2
45072,2
45901,2
29419,2
60156,2
52344,2
5289,2
48553,7
60129,2
37506,2
1969,2
4349,2
6528,2
9263,2
27397,2
29310,2
40988,2
48077,2
49046,2
54592,2
38100,3
9002,2
9100,2
19030,2
25644,2
24766,2
11393,2
54457,2
41150,2
45007,2
314,2
22000,2
27526,2
31743,2
18352,2
30661,2
24976,2
40326,2
23741,2
51438,2
43007,2
26945,2
13933,2
41217,2
2935,2
36088,2
55886,3
13806,2
43464,2
436,2
33942,2
9328,2
12503,4
2350,2
7836,2
9307,2
11184,2
11790,2
19920,2
24415,2
25860,2
28681,2
31836,3
31952,2
33153,2
37329,2
40378,2
45366,2
48607,2
51579,2
60797,2
61967,2
61990,2
59488,2
25011,2
42028,2
6105,2
19450,2
31502,2
3889,2
19946,2
4173,2
2814,2
4875,2
54885,2
2845,2
53122,2
4147,2
7737,2
14476,2
40125,2
48830,2
50343,2
61585,2
61666,2
61777,2
2351,2
33714,2
45908,2
9418,2
35218,2
51292,2
28966,3
11890,2
30931,2
44095,2
9094,2
23882,2
26319,2
48582,2
52089,2
54323,2
54666,2
55429,2
17392,2
6825,2
27115,2
42880,2
12663,2
19768,2
52199,3
60984,2
20062,2
49176,2
38849,3
33041,2
37296,2
31538,2
41325,3
155,3
15959,2
36299,2
47034,3
46234,2
61804,2
31214,2
52314,2
43308,2
60076,2
61359,2
28414,3
37139,2
43191,2
1386,2
33895,2
9878,3
33967,2
42806,2
58193,3
56917,3
34519,2
11408,3
45370,2
9380,2
29405,3
9391,2
50874,2
12532,2
23974,4
474,3
2964,3
2592,2
48247,2
6492,2
1287,2
36068,2
19551,2
55876,2
26287,2
7618,2
24449,2
24858,2
62386,3
54353,2
52297,3
13098,2
59735,2
3892,2
59211,2
6791,2
31838,2
6784,2
11240,2
15785,2
16250,2
18994,2
33857,2
55695,2
18061,2
19284,2
16677,2
7155,2
35195,2
9206,2
469,3
28266,3
29823,2
27380,2
16060,2
45376,3
26262,2
22078,2
45572,3
43284,2
58996,4
44880,2
38897,2
48202,2
54100,2
6882,2
807,2
17626,2
55776,2
18183,2
3909,2
28656,2
55934,2
42047,3
55333,2
9037,2
7169,2
48132,2
3189,2
43251,2
22964,2
23509,2
28748,2
35989,2
16888,2
50346,2
50443,2
43309,3
61984,2
34518,2
27638,2
60087,2
47573,2
6329,2
2913,2
58314,2
10415,2
8033,2
30274,2
24293,3
61080,2
54757,2
13013,2
154,2
57612,2
56914,2
44288,2
17176,2
10524,2
49526,2
40204,2
27443,3
18424,3
55110,3
18365,3
53634,2
57288,3
57424,3
5026,2
40014,2
12362,2
7720,2
9003,3
34908,2
8362,2
4506,2
16243,2
10953,2
35604,2
31676,2
36338,2
31238,2
39167,2
12538,2
35269,2
42169,2
171,2
38023,2
4146,2
42944,2
43911,2
3040,2
5319,2
45969,2
18263,2
33661,4
6521,2
19127,2
9916,2
19674,2
21654,2
27155,2
2107,2
9459,2
50369,2
4076,2
14618,2
46736,2
17156,2
532,2
21886,2
23434,2
34159,2
55891,2
15439,2
1501,2
45440,2
26754,2
10941,2
11386,2
43099,3
46644,2
47364,3
51144,2
55858,2
15124,3
36305,2
35406,2
11229,2
51866,2
28382,2
46595,2
50124,2
62657,2
49817,2
43936,2
17177,2
44143,2
44144,2
18455,2
19952,3
32462,2
13758,2
35350,2
9502,2
32910,2
55476,3
7233,2
8871,2
60403,2
46927,3
2827,2
44998,2
39390,2
45456,3
10937,3
28187,2
20640,2
44097,2
28934,2
61466,2
42496,2
39793,2
21663,2
40831,2
55998,2
15658,2
25369,2
57946,2
32285,2
47928,2
5531,2
23636,2
30772,2
49172,2
50326,2
50376,2
50487,2
52715,2
30533,2
51740,3
39794,2
39343,2
2601,2
321,2
50810,2
52829,2
53971,2
61203,2
50368,2
14861,2
12192,2
36277,2
36310,2
37887,2
47626,2
40290,2
31019,2
59031,2
19955,2
25652,2
21756,3
105,2
964,2
39533,2
29005,2
17086,2
17849,2
43359,2
53007,2
61069,2
44945,2
18949,2
18216,3
50624,2
34776,2
36572,2
44563,2
54780,2
49707,2
42990,2
61517,2
30705,2
33126,2
16534,2
32083,2
45464,2
46933,2
46580,2
24574,2
40734,3
29947,2
20100,4
53715,3
8002,2
8021,2
8055,2
13020,2
17103,2
25263,2
26198,2
26217,2
32077,2
35018,2
35046,2
37861,2
43977,2
44094,2
53121,2
58779,3
45543,2
51352,2
13335,2
54395,2
5990,2
10679,2
55995,3
51944,2
30420,2
46453,2
25385,2
6873,2
44285,2
362,2
9043,2
13562,2
52521,2
51379,2
41185,2
57030,2
62028,2
18127,2
36084,4
48682,2
11592,2
50863,2
6394,2
23875,2
25696,2
36108,2
47653,2
37845,2
51218,2
5573,2
29195,2
36603,2
37067,2
20008,2
56167,2
56719,3
53583,2
451,2
60850,2
22848,2
30964,4
56943,2
55623,2
28495,2
54486,2
9049,3
29011,2
58960,2
1228,2
25281,2
47382,2
60097,2
9405,3
59440,2
54814,2
18582,2
35790,2
52219,2
7406,2
10864,2
48343,2
54066,2
37480,2
47020,2
49198,3
21413,2
58451,2
31748,2
49825,2
51953,3
21647,2
11095,2
4145,2
7672,3
16865,2
18625,2
24555,2
57813,2
21945,2
28067,2
37388,2
47407,2
4548,2
21235,2
13637,2
454,2
1210,2
57947,2
20426,3
40450,2
50045,2
14551,3
47781,2
13261,2
36654,2
60540,2
3308,2
24207,2
16535,2
4197,2
29698,2
22155,2
9914,2
8980,2
10349,2
31699,2
30134,2
21102,2
43875,3
51843,3
27570,2
50081,2
22258,2
46780,2
28510,2
34314,2
38874,2
7961,2
8551,2
40901,2
512,2
5719,3
45291,2
22463,2
50146,2
57835,2
62032,2
51046,2
39872,2
15730,3
35845,2
9358,2
48614,2
6853,2
3479,3
11336,2
62496,2
30408,2
33939,2
31072,2
29196,4
6198,2
51206,2
40156,2
38608,2
36649,2
4670,2
53363,2
36132,3
16758,2
45781,2
14302,2
9316,2
11921,2
5044,2
6930,2
54606,2
61581,2
59995,2
26854,2
52637,2
15549,2
57839,2
48567,2
38461,2
61621,2
43751,2
47524,2
14397,2
61776,2
12072,2
9291,2
21376,2
50178,2
1111,2
24283,2
3399,2
4538,2
5086,2
14602,2
23497,2
28996,2
51602,2
22773,2
60433,2
39799,2
5896,3
36480,2
53157,2
28568,2
55813,2
18542,2
32015,2
50256,2
22046,2
15795,2
19826,2
33511,2
22578,3
62685,2
49901,2
48578,2
60210,6
6223,2
1373,2
19039,2
20190,2
49719,2
7240,2
42643,2
43147,2
45274,2
60772,2
16564,2
57295,2
19343,2
26215,2
31316,2
31769,2
34238,2
60755,2
22478,2
38412,2
18559,2
37795,2
39784,2
40056,2
55855,2
20052,2
60203,2
20747,2
32216,2
45724,2
29576,2
1010,2
49482,3
51687,2
17479,2
18214,2
19285,2
8868,2
59945,2
21274,2
42383,2
45216,3
5407,2
10439,3
46646,2
528,2
22456,2
58404,2
43,2
25015,2
17854,2
5271,2
35494,2
36436,2
31804,2
9018,2
25378,2
26078,2
38795,2
5087,2
11455,2
14553,2
36578,2
7238,2
54507,2
38452,2
4388,2
52455,2
14090,2
45168,2
61065,2
61360,3
54510,2
18499,2
21798,2
37322,2
1899,2
27461,2
55780,2
11963,2
29700,2
47886,2
28980,3
24001,2
27486,2
29376,3
60392,3
45300,2
50807,3
15649,2
1916,2
36454,2
56581,2
2609,2
209,2
2564,2
4027,3
9893,2
9903,2
18477,2
19589,2
24772,2
24773,2
33592,2
33628,2
33629,2
36039,2
40237,2
41913,2
42725,2
51690,2
51695,2
60708,2
60709,2
27310,3
37836,2
51454,2
13139,2
25853,2
41334,2
47501,2
481,2
19963,4
23554,2
31476,2
42351,2
13638,2
45468,3
56188,2
24811,2
26588,2
48742,2
27232,2
18307,2
30521,2
6398,2
35962,2
2269,2
50036,2
9396,2
45629,2
16589,2
12588,2
29006,2
9845,2
1410,2
11879,2
52225,2
40425,2
32291,4
23367,2
36462,2
49292,2
38147,2
19252,6
28542,2
6868,2
11869,2
61023,2
61995,2
34887,3
7194,2
49969,2
54301,2
561,2
47417,2
37410,2
44730,2
49770,2
9190,2
57875,2
4969,2
56918,2
34432,2
62297,2
7136,2
25375,2
26906,2
6809,2
60872,2
10892,2
18621,2
10877,2
54232,2
1989,3
29998,2
19743,2
44367,2
358,2
59042,2
45519,2
18247,2
28985,4
416,2
2596,2
12107,2
22098,2
49505,2
50159,2
26064,2
45171,2
4585,2
48850,3
28162,2
406,2
56271,2
47002,3
43471,3
38642,2
18331,2
20043,2
27582,2
57061,2
22282,2
51353,2
60082,2
55417,2
21327,2
14378,2
14379,2
23494,2
25004,2
27382,2
46232,2
15829,2
57041,3
10508,2
38873,2
54488,2
4381,2
60214,3
20203,2
27476,2
47883,2
51084,2
14504,2
60538,2
17575,2
39903,2
61479,2
46487,3
36871,2
10918,3
46976,2
53717,2
9360,2
50200,2
17440,3
29004,3
59502,2
10622,2
28989,2
6705,2
26068,2
1156,2
32300,2
39639,2
40723,2
59195,2
59610,2
60469,2
61079,2
42595,2
55692,2
47046,2
62557,2
44087,2
20627,2
50249,2
2591,3
34570,2
11294,2
44618,2
25044,2
43381,2
34436,2
18644,2
50432,2
10302,2
9086,2
30152,2
19516,2
18583,2
20909,2
13925,2
46541,2
33112,2
48369,2
43492,2
49445,2
27509,2
48267,2
1863,2
47272,2
47497,2
10787,2
49570,2
30023,2
12382,2
29273,2
2955,2
60382,2
8665,2
9105,2
46981,3
6193,2
10600,2
32648,2
46787,2
28904,2
23286,2
19987,2
23640,2
54389,3
35546,2
37628,2
62070,2
3551,2
52903,3
7263,2
5125,3
23515,2
36208,2
56796,2
31823,2
10289,2
19740,2
9392,2
51651,2
53503,2
42271,2
22042,3
27273,2
4263,3
33706,2
46931,4
639,2
13577,2
47027,2
46054,2
15312,2
7002,2
16112,2
58736,2
11850,2
38842,2
46326,2
6924,2
13706,2
22904,3
44331,2
4198,2
3878,2
13229,2
39503,2
40868,2
13694,2
22958,2
39759,2
41502,2
49401,2
56850,2
11075,2
29840,2
45701,2
27087,2
35321,2
57112,2
13614,2
17990,2
9361,2
47682,2
49477,2
29008,2
46366,2
50174,2
21093,2
3466,2
61405,2
843,2
1983,2
10561,3
45321,2
668,2
10961,2
39850,2
16721,2
18242,2
25508,2
31126,2
41052,6
48069,2
21836,3
42245,2
41804,2
25043,2
92,2
19761,3
11365,2
33659,2
13547,2
29515,2
40415,2
4649,2
20061,2
38288,2
31043,2
12600,3
5958,2
54273,2
3197,3
34353,3
39556,2
13091,2
38191,3
22355,2
23897,2
24520,2
6245,2
62410,3
21669,3
12364,2
16343,2
3908,2
4275,2
5450,2
10880,2
41669,2
46131,2
9559,2
32712,2
12542,2
42852,2
22119,2
15899,2
57499,2
10810,2
21994,2
18520,2
32999,2
32279,2
44727,2
26203,2
36129,5
44030,2
56012,2
61586,2
61915,2
56027,2
14121,2
26150,2
62222,2
46376,2
29523,2
46707,2
52442,2
36131,2
51804,2
49605,2
10940,2
168,2
2687,3
12441,2
26448,2
45258,2
28293,2
46896,2
3751,2
43896,2
51217,2
32843,2
43282,2
32600,2
50835,2
7212,2
56902,2
53296,3
14235,2
24740,2
20822,2
21118,2
60354,2
55698,2
287,2
12388,2
33519,2
21332,2
55181,2
10928,2
31118,2
40655,2
23801,2
58708,2
43647,3
5637,2
17263,2
9430,2
16066,2
56653,2
5203,3
39348,2
27802,2
45124,2
47173,2
27406,2
4141,2
22044,2
27846,2
25820,2
7616,2
21050,2
19220,2
52651,2
30380,2
45222,2
12266,2
4987,2
11234,2
45242,2
12862,2
37967,2
37490,2
14231,2
35481,2
40376,2
3103,2
30347,2
51398,2
20093,2
45294,2
43955,2
31296,2
42731,2
23610,2
244,2
42851,2
43684,2
7584,2
26094,3
10714,2
4157,2
20057,3
55600,2
16096,3
37172,3
55778,3
43230,2
18573,2
56329,2
59749,2
28826,3
1946,2
42860,2
46664,2
60968,2
34169,2
1026,2
43247,2
18660,2
23912,2
32774,2
28921,3
45389,2
165,2
45157,2
41785,2
1898,2
19795,2
27939,2
32595,2
57990,2
54515,2
56413,2
2877,2
48558,2
6898,2
43860,2
61792,2
59131,2
12560,2
20594,2
30994,2
43215,2
56210,2
58712,2
36372,2
50234,2
21105,2
32555,2
12610,2
39442,2
43969,2
42964,2
23444,2
21258,2
42593,2
21599,2
25105,2
4438,2
15229,2
25045,2
11454,2
3102,2
2437,2
25926,2
27314,2
33143,2
34740,2
41006,2
33658,2
56143,2
6513,2
24014,2
3700,2
37242,2
27866,2
47022,2
48880,2
18457,2
35244,2
28682,2
42472,2
42590,2
55511,2
55927,2
2462,2
30696,2
54570,3
56061,2
35497,2
18618,2
20046,2
50396,2
18610,2
23181,2
3649,2
54628,2
3314,2
11039,2
37779,2
31221,2
27266,2
1592,2
15937,2
2048,2
3731,2
46585,2
456,2
6251,4
28426,2
60312,2
5168,2
50440,2
3621,2
8695,2
36528,2
55923,3
28079,3
54576,2
12876,2
16248,2
60553,2
19965,2
17610,4
42708,2
5136,2
30714,3
40001,2
1584,2
353,2
58007,2
31831,2
15714,2
7644,2
21394,2
39563,2
37052,2
55756,2
60064,2
4677,2
58070,2
51903,2
16211,2
29409,2
24492,2
26022,2
49851,2
24510,2
37955,2
12971,2
28941,2
49324,2
54573,2
38626,2
54326,2
5295,2
7404,2
14663,2
23137,2
59007,2
23541,2
36714,3
12919,2
28950,2
61143,2
52050,2
5292,2
57244,2
20929,3
30259,2
8913,3
62867,2
54456,2
54537,2
21038,2
26627,2
35029,2
52376,2
52404,2
55302,2
2422,2
31900,2
29507,2
49923,2
29149,2
12303,2
22845,2
28151,2
5042,2
31170,2
60588,2
47728,2
18268,2
37890,3
54274,2
62456,2
27439,3
32164,2
10096,2
41911,2
56001,2
8984,2
413,2
50584,2
1744,2
18320,2
37130,2
50415,2
56755,2
57977,2
18614,2
954,2
18689,2
4554,2
22003,2
45369,2
60927,2
9114,2
23242,2
34000,2
59944,2
2072,2
4798,2
32200,2
22732,2
26608,2
32672,2
45151,2
47488,2
1493,2
15566,2
27200,2
36278,2
42973,2
4293,3
45492,2
12855,2
51236,2
55468,2
44105,2
45142,2
19669,5
6676,2
41435,2
38453,2
4788,2
36768,2
43319,2
56865,2
16521,2
26995,2
62881,2
45398,2
29793,2
48849,2
6736,2
24033,2
30219,2
36463,2
32980,2
56689,2
58821,2
18576,2
48660,2
51956,2
20024,2
15528,2
17281,2
60761,2
54540,2
29014,2
34985,2
34986,2
42094,2
830,2
19762,2
56277,2
4571,2
34698,2
266,2
1903,2
39020,2
10952,3
18106,4
43220,2
26769,2
62646,2
9249,2
51142,3
8543,2
43845,2
6842,2
62510,2
4913,2
54737,2
45528,3
2757,2
23316,3
9366,2
37037,2
1867,2
31730,2
15363,2
38364,2
15492,2
58546,2
43991,2
59099,2
12465,2
22503,2
54178,2
18313,2
55948,2
51644,2
24169,2
54534,2
40231,2
10065,2
45391,2
1985,2
1409,3
6263,2
13954,2
8338,3
61088,2
53130,2
18479,2
27643,2
15791,2
7004,2
16549,2
52319,2
12355,2
39992,2
7596,2
41854,2
12220,2
25133,2
55186,2
10071,2
14069,2
34704,2
45967,2
13096,4
31189,5
59991,2
38959,2
44284,2
39075,2
27591,2
55993,2
62887,2
5191,2
9091,3
20317,2
22113,2
18651,2
7284,2
18546,2
19936,2
20393,2
43534,2
19806,3
17536,2
9375,2
35259,2
3212,3
9377,2
2008,2
45050,2
5119,2
2036,2
54109,2
22976,2
37551,4
60213,4
48399,2
37983,2
28942,2
1503,2
9419,2
42479,2
39763,2
54193,2
26540,2
35506,2
27298,2
32914,2
3584,2
18389,2
41812,2
18231,2
39663,2
18229,2
8405,3
38884,2
22923,2
24043,2
52248,2
61607,2
10244,2
18132,2
24276,2
32905,2
34606,2
58343,2
35535,2
29468,2
36043,2
37926,2
52215,2
24923,2
20592,2
43278,2
45413,3
7352,2
20085,2
36503,2
14423,2
56451,2
50719,4
6759,2
59196,2
37141,2
23204,2
28351,2
35282,2
40388,2
27837,2
45172,2
45261,2
27603,2
51933,2
5876,2
22179,2
45421,2
19902,3
9319,2
38126,2
55413,2
45856,2
38776,2
47010,2
27160,2
28971,2
2400,3
8051,2
10292,2
14502,2
47021,2
43269,2
50488,2
37503,2
4973,2
31242,2
40302,2
60401,2
3423,2
8243,2
35007,2
59996,2
39944,3
45181,2
5419,2
7494,2
37948,2
27377,2
31576,2
32463,2
54197,2
59497,2
47671,2
54150,2
27169,2
49511,2
56481,2
37794,2
11425,2
57515,2
13260,2
45245,2
18530,2
32112,2
50984,2
26504,3
52101,2
18746,2
411,2
50865,4
27389,2
45649,2
14338,2
48048,2
9663,2
1931,2
7300,3
21318,3
30178,2
37414,2
36289,2
54880,2
62216,2
12654,2
51061,2
27574,2
14790,3
17190,2
18641,2
5082,2
55587,2
25258,2
45461,2
8052,2
9165,2
52082,2
2445,2
3613,2
27730,2
45499,2
10917,2
45180,2
28302,2
51415,2
32286,2
26498,2
18330,2
50989,2
9421,2
8082,2
33055,2
5074,2
7895,2
26177,2
41576,2
31419,2
32287,3
42305,2
59391,2
9348,2
27557,2
12213,2
54148,2
36431,2
37117,2
27287,2
45539,2
51554,2
30285,2
14263,2
36264,2
55488,2
18448,2
477,2
19877,2
20910,2
28315,2
13530,2
49826,2
25715,2
1518,2
41453,2
52545,2
10325,2
10482,2
33532,2
25685,2
55667,2
24468,2
46985,2
45137,2
24738,2
37333,2
51158,2
56693,2
27078,2
9245,2
47176,3
6880,2
27523,2
55353,2
4563,2
50746,2
1954,2
19683,2
27976,2
60262,2
228,2
28804,2
18199,2
57172,2
60703,2
42586,2
43419,2
8959,2
2518,2
28946,2
54279,2
12756,2
19860,2
28668,2
12141,2
5974,2
59277,2
45368,2
6020,2
55989,2
49334,2
9248,2
14612,2
35994,2
47777,2
17400,2
32003,2
55334,2
39359,2
1957,2
49397,2
10529,2
48565,2
7995,6
12054,3
10494,2
29847,2
40118,2
54229,2
36499,2
4458,2
35869,2
59095,2
499,2
51749,2
39003,2
1950,2
18705,2
21610,2
26421,2
648,2
42729,2
58482,2
1710,2
27070,2
36170,2
39392,2
16431,2
15093,2
5079,2
21412,2
33032,2
6115,2
46449,2
37854,2
59567,2
52441,2
61922,2
54526,3
54467,2
59283,2
50080,2
7579,2
54253,2
12970,2
1877,2
54472,2
7426,2
2096,2
14043,2
14213,2
18851,2
43506,2
355,2
31906,2
9448,2
10798,2
48477,2
56977,2
50599,2
2213,2
37765,2
52412,2
47026,2
11699,2
3305,2
5515,2
10999,2
34341,2
57428,2
60676,2
359,2
1405,2
25238,2
38088,2
45524,2
197,2
7445,2
11163,2
30765,2
10380,2
16372,2
22761,2
34330,2
1761,2
15206,2
16415,2
18375,2
36041,4
45690,2
61027,2
61340,2
